CASSPQGGGTGELFF	TRBV9	TRBJ2-2
CASSSGQGNIQYF	TRBV28	TRBJ2-4
CASSLGLPGLAGAYEQYF	TRBV5-6	TRBJ2-7
CASSLGIPQREPYNEQFF	TRBV7-8	TRBJ2-1
CATSGLESSYNEQFF	TRBV24-1	TRBJ2-1
CASSLEGSAGELFF	TRBV28	TRBJ2-2
CARSLGRAGYGETQYF	TRBV12-3	TRBJ2-5
CASRLLAGAYEQYF	TRBV28	TRBJ2-7
CASSQPLGLAEKETQYF	TRBV3-1	TRBJ2-5
CASSLSGQLDTQYF	TRBV11-2	TRBJ2-3
CASSQGPLANLYNEQFF	TRBV4-2	TRBJ2-1
CAIRTRIGETQYF	TRBV10-3	TRBJ2-5
CASSLAVIDRYNEQFF	TRBV7-9	TRBJ2-1
CASSARNADTQYF	TRBV2	TRBJ2-3
CASSPQAGGELYF	TRBV9	TRBJ2-3
CASSPGTGGPFSEQYF	TRBV27	TRBJ2-7
CATSSGDLSSGANVLTF	TRBV15	TRBJ2-6
CASSLGATWTSNTEAFF	TRBV7-8	TRBJ1-1
CASSPGDTGANVLTF	TRBV27	TRBJ2-6
CASSVDEGNTGELFF	TRBV9	TRBJ2-2
CASSLLLAGGYQETQYF	TRBV3-1	TRBJ2-5
CAITDGASGANEQFF	TRBV10-3	TRBJ2-1
CASSLGRAGYGETQYF	TRBV12-4	TRBJ2-5
CASSWGGGEQYF	TRBV25-1	TRBJ2-7
CASSFDRGGYEQYF	TRBV5-1	TRBJ2-7
CANRDRGRDEQFF	TRBV24-1	TRBJ2-1
CATSDSGLAGDYNEQFF	TRBV24-1	TRBJ2-1
CASSLAGGDGGSTDTQYF	TRBV12-3	TRBJ2-3
CASSFPGQGNTQYF	TRBV27	TRBJ2-3
CASRGDTFYEQYF	TRBV5-1	TRBJ2-7
CAISEDRALNEQFF	TRBV10-3	TRBJ2-1
CASIRLAGEHNEQFF	TRBV6-5	TRBJ2-1
CASSQEVGQRLLNTGELFF	TRBV4-2	TRBJ2-2
CAISESSFGGGEQFF	TRBV10-3	TRBJ2-1
CASSLDASSASYEQYF	TRBV7-9	TRBJ2-7
CASSHDTGGYEQYF	TRBV19	TRBJ2-7
CASSSLADFYQPQHF	TRBV7-2	TRBJ1-5
CATSTRDRVTANTGELFF	TRBV24-1	TRBJ2-2
CASSPEGGRTGNTIYF	TRBV5-4	TRBJ1-3
CAISDAGAGNQPQHF	TRBV10-3	TRBJ1-5
CAISESSSGNNEQFF	TRBV10-3	TRBJ2-1
CASSFPGQGNTQYF	TRBV27	TRBJ2-3
CASSQGLLGSETQYF	TRBV14	TRBJ2-5
CASSPTGPFYGYTF	TRBV6-1	TRBJ1-2
CASSLGIPQREPYNEQFF	TRBV7-8	TRBJ2-1
CASSYSITALNTEAFF	TRBV6-5	TRBJ1-1
CASSLEGQLNEQFF	TRBV7-9	TRBJ2-1
CATSFTGTAYEQYF	TRBV15	TRBJ2-7
CASNAGGGVETQYF	TRBV2	TRBJ2-5
CASSLVGGAGEQFF	TRBV7-3	TRBJ2-1
CAISDEGRNTEAFF	TRBV10-3	TRBJ1-1
CASSLGPPPDNEQFF	TRBV11-2	TRBJ2-1
CASTLTGGNQPQHF	TRBV6-2	TRBJ1-5
CASSLAGVPNEQFF	TRBV11-2	TRBJ2-1
CASSLQMASGSPDLGEQFF	TRBV4-1	TRBJ2-1
CASSQDPLAGGGGEQFF	TRBV4-3	TRBJ2-1
CASSQDPLAGYTGELFF	TRBV14	TRBJ2-2
CASIGWGELFF	TRBV25-1	TRBJ2-2
CSAQTGRDTEAFF	TRBV20-1	TRBJ1-1
CASSQEMSTGLGEQYF	TRBV4-2	TRBJ2-7
CASSNHLAGHTYEQYF	TRBV6-2	TRBJ2-7
CASSQGGQSAWTQYF	TRBV3-1	TRBJ2-5
CASNLIGQLNEQYF	TRBV7-9	TRBJ2-7
CASSYPGQQETQYF	TRBV12-3	TRBJ2-5
CASSPRTSGGYQETQYF	TRBV5-4	TRBJ2-5
CASSYSNLPVFSPNQPQHF	TRBV6-1	TRBJ1-5
CASSRTGLAGPNEQFF	TRBV27	TRBJ2-1
CASRTPTRNTEAFF	TRBV6-1	TRBJ1-1
CASRTPTRNTEAFF	TRBV6-1	TRBJ1-1
CASSPWTSGGAYNEQFF	TRBV5-1	TRBJ2-1
CAISESSAGFNEQFF	TRBV10-3	TRBJ2-1
CATGTSGGKHNEQFF	TRBV4-2	TRBJ2-1
CAWSVRGIGGNTIYF	TRBV30	TRBJ1-3
CASSLFADRGQETQYF	TRBV7-3	TRBJ2-5
CASSELWGSEPSPLHF	TRBV6-1	TRBJ1-6
CASSQEGQGAPYEQYF	TRBV4-2	TRBJ2-7
CASSEGSHSNQPQHF	TRBV2	TRBJ1-5
CASSVATLNTGELFF	TRBV9	TRBJ2-2
CASRALDITLGNVLTF	TRBV19	TRBJ2-6
CSAWTGSATEAFF	TRBV20-1	TRBJ1-1
CATSGDTQYF	TRBV24-1	TRBJ2-3
CASSLGTGFSNQPQHF	TRBV7-8	TRBJ1-5
CASTRERSGNDEQFF	TRBV4-1	TRBJ2-1
CASSDGTVGNQPQHF	TRBV10-2	TRBJ1-5
CASSVAETNTGELFF	TRBV9	TRBJ2-2
CASSLTSGTYEQYF	TRBV27	TRBJ2-7
CASSLVTGNQPQHF	TRBV7-9	TRBJ1-5
CASRVGQNYNSPLHF	TRBV2	TRBJ1-6
CASSLTCDRTHSVYGYTF	TRBV7-3	TRBJ1-2
CASSYAQGNEQFF	TRBV6-6	TRBJ2-1
CASSYTGELFF	TRBV6-6	TRBJ2-2
CASRETGGVWETQYF	TRBV6-1	TRBJ2-5
CASRDTYEQYF	TRBV2	TRBJ2-7
CASSLGTGFSNQPQHF	TRBV7-8	TRBJ1-5
CASSFDGQGYEQYF	TRBV19	TRBJ2-7
CASSYSTGILYYGYTF	TRBV6-2	TRBJ1-2
CASSQEGSDNQPQHF	TRBV4-1	TRBJ1-5
CASSLASLGLALSSYEQYF	TRBV7-8	TRBJ2-7
CASSIRDSGNQPQHF	TRBV19	TRBJ1-5
CASSMWTSGGPTDTQYF	TRBV9	TRBJ2-3
CASSLSGKYDEQYF	TRBV3-1	TRBJ2-7
CASSQEAGFWGEQYF	TRBV3-1	TRBJ2-7
CSARDYRTSGRTNTGELFF	TRBV20-1	TRBJ2-2
CSALRLDTDTQYF	TRBV29-1	TRBJ2-3
CASSGYTGELFF	TRBV4-3	TRBJ2-2
CASSTGTSNTGELFF	TRBV9	TRBJ2-2
CASRAGGGVETQYF	TRBV2	TRBJ2-5
CASSQAAGVGYPTEAFF	TRBV4-1	TRBJ1-1
CAISESGQALITYEQYF	TRBV10-3	TRBJ2-7
CASSLAMTEAFF	TRBV7-9	TRBJ1-1
CASSFPGQGNTQYF	TRBV27	TRBJ2-3
CATSPEENTGELFF	TRBV15	TRBJ2-2
CASSLGTGYSNQPQHF	TRBV7-8	TRBJ1-5
CASSSEAASSYEQYF	TRBV5-1	TRBJ2-7
CASSFPVTAITGNTEAFF	TRBV11-2	TRBJ1-1
CASSLTGQLETQYF	TRBV7-2	TRBJ2-5
CASSLARGTEAFF	TRBV5-6	TRBJ1-1
CASSDGQTEKLFF	TRBV2	TRBJ1-4
CASSSWTSGSPPTDTQYF	TRBV7-2	TRBJ2-3
CASSFPGQGNTQYF	TRBV27	TRBJ2-3
CASSLGGNEQYF	TRBV7-9	TRBJ2-7
CASSSGVSGANVLTF	TRBV27	TRBJ2-6
CASSSAVIVPGELFF	TRBV9	TRBJ2-2
CASSLYGGSNTGELFF	TRBV27	TRBJ2-2
CASRPSGQLDEQFF	TRBV7-8	TRBJ2-1
CASSPRQGGTGELFF	TRBV5-1	TRBJ2-2
CASSYPGQQETQYF	TRBV12-3	TRBJ2-5
CASSLVGQLETQYF	TRBV7-8	TRBJ2-5
CASSQEVGAPGEQYF	TRBV4-3	TRBJ2-7
CASSIVGHMNTEAFF	TRBV19	TRBJ1-1
CAPREINTGELFF	TRBV7-8	TRBJ2-2
CASSDGTSGRSDTQYF	TRBV10-1	TRBJ2-3
CASSSFGTAGEAFF	TRBV11-2	TRBJ1-1
CAWVSRGDSLNYEQYF	TRBV30	TRBJ2-7
CASISSNQPQHF	TRBV7-9	TRBJ1-5
CASSFQYNEQFF	TRBV12-3	TRBJ2-1
CASSQGPPGTTRETQYF	TRBV4-1	TRBJ2-5
CASSQGSYEQYF	TRBV19	TRBJ2-7
CASVGGNYGYTF	TRBV6-5	TRBJ1-2
CASRAGGGVETQYF	TRBV2	TRBJ2-5
CASSLYGQGSSSYGYTF	TRBV12-3	TRBJ1-2
CASSQAPPGQGVDIQYF	TRBV4-3	TRBJ2-4
CASSLGTGFSNQPQHF	TRBV7-8	TRBJ1-5
CAITDGASGANEQFF	TRBV10-3	TRBJ2-1
CASSPGQVGDQPQHF	TRBV6-6	TRBJ1-5
CASSFPGQGNTQYF	TRBV27	TRBJ2-3
CASSQGPGSGETQYF	TRBV4-2	TRBJ2-5
CASSYVGQLDEQFF	TRBV11-2	TRBJ2-1
CASSLVDREGEQYF	TRBV7-6	TRBJ2-7
CASSPPRGEQFF	TRBV9	TRBJ2-1
CASSPDPGQLYEQYF	TRBV7-8	TRBJ2-7
CAISDSEASTDTQYF	TRBV10-3	TRBJ2-3
CASRRGPYEQYF	TRBV25-1	TRBJ2-7
CASSVAPTGDTDTQYF	TRBV9	TRBJ2-3
CASSHTTGDDYGYTF	TRBV4-1	TRBJ1-2
CASSEDRGVFMNTEAFF	TRBV6-1	TRBJ1-1
CASSYLDRDNQPQHF	TRBV6-2	TRBJ1-5
CASSLTSTRQPQHF	TRBV12-3	TRBJ1-5
CASSFSVGALSTDTQYF	TRBV12-3	TRBJ2-3
CASSQREGTDTQYF	TRBV14	TRBJ2-3
CASRSGTSNTGELFF	TRBV2	TRBJ2-2
CAWRLGSGEKLFF	TRBV30	TRBJ1-4
CASSPGANTGELFF	TRBV7-3	TRBJ2-2
CARDSNQPQHF	TRBV19	TRBJ1-5
CATSRVGQANGYTF	TRBV15	TRBJ1-2
CASSPLAGHLNEKLFF	TRBV27	TRBJ1-4
CASSLGDRGTEKLFF	TRBV7-6	TRBJ1-4
CASSRGPDTEAFF	TRBV14	TRBJ1-1
CAISEDRALVSYTF	TRBV10-3	TRBJ1-2
CASSSQGGGTGELFF	TRBV9	TRBJ2-2
CASSQSDLTAKQPQHF	TRBV16	TRBJ1-5
CASSVDRAGPDTDTQYF	TRBV9	TRBJ2-3
CASSSRGQLDTQYF	TRBV11-2	TRBJ2-3
CASSPASSSFYEQYF	TRBV9	TRBJ2-7
CASSEMTGELYEQYF	TRBV2	TRBJ2-7
CASSLILAGGSYNEQFF	TRBV11-2	TRBJ2-1
CATSRDPQYQPQHF	TRBV15	TRBJ1-5
CASSWWETSHEQFF	TRBV5-1	TRBJ2-1
CASSIVGHMNTEAFF	TRBV19	TRBJ1-1
CASSPPQFTEAFF	TRBV27	TRBJ1-1
CASSFDGGNQPQHF	TRBV4-1	TRBJ1-5
CASSFPGQGNTQYF	TRBV27	TRBJ2-3
CASSEAVISYNEQFF	TRBV2	TRBJ2-1
CASSGGLINTGELFF	TRBV9	TRBJ2-2
CSAIDFPMGNEQFF	TRBV20-1	TRBJ2-1
CASSLEAGPWGELFF	TRBV7-2	TRBJ2-2
CASSELGTGDYEQYF	TRBV6-1	TRBJ2-7
CASSSGLALVFEQFF	TRBV6-5	TRBJ2-1
CAISGGEAGNQPQHF	TRBV10-3	TRBJ1-5
CASSVVGNEQFF	TRBV9	TRBJ2-1
CASSVASGQLYGYTF	TRBV9	TRBJ1-2
CAWSINSAEAFF	TRBV30	TRBJ1-1
CASSPRVVGSETQYF	TRBV27	TRBJ2-5
CASSLGTGLEDQPQHF	TRBV7-8	TRBJ1-5
CASSQSRGSGNTIYF	TRBV4-1	TRBJ1-3
CASSLGRAGYGETQYF	TRBV12-4	TRBJ2-5
CASSQEPGQVYF	TRBV14	TRBJ1-3
CSASITGTEQYF	TRBV20-1	TRBJ2-7
CASSDGQTEKLFF	TRBV2	TRBJ1-4
CASSEATGELYEQYF	TRBV2	TRBJ2-7
CASSPREIGNQPQHF	TRBV19	TRBJ1-5
CASSLIGNTGELFF	TRBV7-3	TRBJ2-2
CASSLPFSGAEAFF	TRBV27	TRBJ1-1
CASSLSGTGKAFF	TRBV12-4	TRBJ1-1
CASSVGTSDTDTQYF	TRBV9	TRBJ2-3
CASSQDFPAHQETQYF	TRBV14	TRBJ2-5
CASSQVGQNLYEQYF	TRBV14	TRBJ2-7
CASRSHDSSTDTQYF	TRBV9	TRBJ2-3
CASWVGQNYNSPLHF	TRBV2	TRBJ1-6
CAISESTVGNQPQHF	TRBV10-3	TRBJ1-5
CASEALGGRNEKLFF	TRBV7-6	TRBJ1-4
CASSLEGQGGTDTQYF	TRBV5-1	TRBJ2-3
CASSEVPGTSGRAGTDTQYF	TRBV2	TRBJ2-3
CASKAGGGVETQYF	TRBV2	TRBJ2-5
CASSFGPTPDTQYF	TRBV27	TRBJ2-3
CASSQELAAGGGDEQYF	TRBV4-2	TRBJ2-7
CASSPTTESYEQYF	TRBV16	TRBJ2-7
CATSNLDSFGGYTF	TRBV15	TRBJ1-2
CAISESSSGNQPQHF	TRBV10-3	TRBJ1-5
CASSYLGDIQFNQPQHF	TRBV6-2	TRBJ1-5
CASSQTPPGQGTDTQYF	TRBV4-3	TRBJ2-3
CASSPGGPVEPQHF	TRBV12-3	TRBJ1-5
CASSLDASSASYEQYF	TRBV5-1	TRBJ2-7
CASRDILTSYNEQFF	TRBV2	TRBJ2-1
CASNYIAGVEEQFF	TRBV12-4	TRBJ2-1
CASSLEGLAGYEQYF	TRBV7-8	TRBJ2-7
CASSQEIPQGAAYEQYF	TRBV4-3	TRBJ2-7
CAISEGTGGHQPQHF	TRBV10-3	TRBJ1-5
CASRLGASSYNEQFF	TRBV13	TRBJ2-1
CASSGGDGVTYEQYF	TRBV18	TRBJ2-7
CASKIGTGELYEQYF	TRBV2	TRBJ2-7
CAIQLVYEQFF	TRBV12-3	TRBJ2-1
CASSELGQLNEQFF	TRBV6-1	TRBJ2-1
CASSQDPGILYEQYF	TRBV3-1	TRBJ2-7
CASSDVGQLYEQYF	TRBV6-1	TRBJ2-7
CASSQEIGRWGELFF	TRBV4-2	TRBJ2-2
CASSQGDSGDNTGELFF	TRBV4-1	TRBJ2-2
CASSSRQGGTGELFF	TRBV5-1	TRBJ2-2
CASSLEVAAGGGDTQYF	TRBV7-2	TRBJ2-3
CATTVGVIGNQPQHF	TRBV19	TRBJ1-5
CSVGLLGTGELFF	TRBV29-1	TRBJ2-2
CSARDATGNGYTF	TRBV20-1	TRBJ1-2
CASSLVGQLETQYF	TRBV7-2	TRBJ2-5
CASSLYRVGYNEQFF	TRBV27	TRBJ2-1
CASSLEGSAGELFF	TRBV7-9	TRBJ2-2
CASSPDRESNTGELFF	TRBV7-9	TRBJ2-2
CASSFSSGGYEQYF	TRBV19	TRBJ2-7
CASSLDASSASYEQYF	TRBV5-1	TRBJ2-7
CASSQEIMAGGGNEQFF	TRBV4-3	TRBJ2-1
CASSVGRGPADTEAFF	TRBV9	TRBJ1-1
CASSQGTDYNEQFF	TRBV4-2	TRBJ2-1
CSASPGTGISTDTQYF	TRBV20-1	TRBJ2-3
CASSLAGDEQFF	TRBV7-9	TRBJ2-1
CASSPDSTSGYSREQFF	TRBV4-3	TRBJ2-1
CASSLASNEQFF	TRBV11-2	TRBJ2-1
CAISESTAGSQPQHF	TRBV10-3	TRBJ1-5
CASSEATGELYEQYF	TRBV2	TRBJ2-7
CASSLLAGGWDEQFF	TRBV11-2	TRBJ2-1
CASRDRGSNTGELFF	TRBV2	TRBJ2-2
CASMITTGPEKLFF	TRBV2	TRBJ1-4
CASSPGTTNTGELFF	TRBV18	TRBJ2-2
CASSVSALGSDTQYF	TRBV9	TRBJ2-3
CASRAGGGVETQYF	TRBV2	TRBJ2-5
CASSLAMTEAFF	TRBV7-9	TRBJ1-1
CASSQGQTNEKLFF	TRBV2	TRBJ1-4
CASSYGGRGDEQFF	TRBV6-6	TRBJ2-1
CASSVTGQLDEQYF	TRBV11-2	TRBJ2-7
CASSIRDIGNQPQHF	TRBV19	TRBJ1-5
CAWSAAGTNTEAFF	TRBV30	TRBJ1-1
CASSEIGRSTGELFF	TRBV2	TRBJ2-2
CASSAAGRINQPQHF	TRBV9	TRBJ1-5
CASGSQGSTDTQYF	TRBV9	TRBJ2-3
CASSLKGQVGEQYF	TRBV28	TRBJ2-7
CASSPRGRGDTQYF	TRBV11-3	TRBJ2-3
CASSLTSGTYEQYF	TRBV27	TRBJ2-7
CASSLPQGRYMNTEAFF	TRBV5-4	TRBJ1-1
CASSLSGTGELFF	TRBV7-9	TRBJ2-2
CASSLGGNEQFF	TRBV7-9	TRBJ2-1
CSANSRTGLGYTF	TRBV20-1	TRBJ1-2
CASSLWSAGVHNEQFF	TRBV27	TRBJ2-1
CASNAGGGVETQYF	TRBV2	TRBJ2-5
CAISESSSGANVLTF	TRBV10-3	TRBJ2-6
CASSRGPDTEAFF	TRBV14	TRBJ1-1
CAGNNRDSSTDTQYF	TRBV7-9	TRBJ2-3
CASGTGANEKLFF	TRBV5-6	TRBJ1-4
CASSLGGNEQFF	TRBV7-9	TRBJ2-1
CASSLKGGGNQPQHF	TRBV12-4	TRBJ1-5
CASSVLDSSLGPDTQYF	TRBV2	TRBJ2-3
CASKAGGGVETQYF	TRBV2	TRBJ2-5
CASSLAGTSTEQFF	TRBV14	TRBJ2-1
CASSAGTSGEPYEQYF	TRBV25-1	TRBJ2-7
CASSRARGSTEVREQFF	TRBV19	TRBJ2-1
CSARDRAGQGADGYTF	TRBV20-1	TRBJ1-2
CASSVSPDNTDTQYF	TRBV9	TRBJ2-3
CASIRLAGEHNEQFF	TRBV6-5	TRBJ2-1
CASSLYRVGYNEQFF	TRBV27	TRBJ2-1
CASSLGLAGGEETQYF	TRBV7-8	TRBJ2-5
CASSYSEPEEEFF	TRBV6-2	TRBJ2-1
CASSFPGQGNTQYF	TRBV27	TRBJ2-3
CASRDRGSNTGELFF	TRBV2	TRBJ2-2
CASSPQGGGSYEQYF	TRBV9	TRBJ2-7
CASSHQYNEQFF	TRBV12-3	TRBJ2-1
CASSSIATGANVLTF	TRBV27	TRBJ2-6
CAIRTGGDEQFF	TRBV10-3	TRBJ2-1
CASSLNLGSYGYTF	TRBV7-9	TRBJ1-2
CASSFPGQGNTQYF	TRBV27	TRBJ2-3
CASSLYGGSNTGELFF	TRBV27	TRBJ2-2
CASSSSMESGNTIYF	TRBV3-1	TRBJ1-3
CASSQTGADQETQYF	TRBV4-3	TRBJ2-5
CASRAGGGVETQYF	TRBV2	TRBJ2-5
CAISESSIGNQPQHF	TRBV10-3	TRBJ1-5
CASSSAPEGLSYEQYF	TRBV6-6	TRBJ2-7
CASSPGLAGYSYNEQFF	TRBV7-2	TRBJ2-1
CASSPSGQLEKLFF	TRBV11-2	TRBJ1-4
CASSFPGQGNTQYF	TRBV27	TRBJ2-3
CASSSLERSFGEAFF	TRBV7-9	TRBJ1-1
CASSPEIVGTNTGELFF	TRBV4-2	TRBJ2-2
CASSPILGTSGSAYNEQFF	TRBV3-1	TRBJ2-1
CASSPVAGVRDEQFF	TRBV12-3	TRBJ2-1
CASTAGSNTGELFF	TRBV4-1	TRBJ2-2
CASSPQGDSASSGNTIYF	TRBV4-2	TRBJ1-3
CASRGTHYGYTF	TRBV11-1	TRBJ1-2
CASSFLAGFTDTQYF	TRBV27	TRBJ2-3
CAISESSAGNQPQHF	TRBV10-3	TRBJ1-5
CASSYLFGDANTGELFF	TRBV6-1	TRBJ2-2
CASSSGQGNIQYF	TRBV28	TRBJ2-4
CASSPGLVGETQYF	TRBV4-1	TRBJ2-5
CASSIQGSHYGYTF	TRBV19	TRBJ1-2
CASRAGTSNTGELFF	TRBV2	TRBJ2-2
CASSVEGGGAKETQYF	TRBV9	TRBJ2-5
CASSLSGQLDEQYF	TRBV11-2	TRBJ2-7
CASIADRGLNTEAFF	TRBV6-5	TRBJ1-1
CASSLAGVPNEQFF	TRBV11-2	TRBJ2-1
CAVQPGQGMQPQHF	TRBV10-3	TRBJ1-5
CASSPAPSASSYEQYF	TRBV4-1	TRBJ2-7
CASSYPGQLETQYF	TRBV12-3	TRBJ2-5
CASSPDRESNTGELFF	TRBV7-9	TRBJ2-2
CASSLYGGSNTGELFF	TRBV7-9	TRBJ2-2
CASSPGTTNTGELFF	TRBV5-1	TRBJ2-2
CASSPPQFTEAFF	TRBV27	TRBJ1-1
CASSQTGQLDEQYF	TRBV7-8	TRBJ2-7
CASSLKAVVTGELFF	TRBV5-6	TRBJ2-2
CASSLEEGYSYEQYF	TRBV7-8	TRBJ2-7
CASSSGQGNIQYF	TRBV28	TRBJ2-4
CASSLIGQLDEQYF	TRBV11-2	TRBJ2-7
CASSQFFSGEGLYGYTF	TRBV4-3	TRBJ1-2
CASSQLTTGTFTGELFF	TRBV28	TRBJ2-2
CASSLAVSSEQFF	TRBV11-2	TRBJ2-1
CASSFMGQLDEQFF	TRBV7-9	TRBJ2-1
CASSLAQGQPQHF	TRBV27	TRBJ1-5
CASKMGAEAFF	TRBV25-1	TRBJ1-1
CASSLFSQGWTEAFF	TRBV27	TRBJ1-1
CASSLEGNGHREQYF	TRBV5-1	TRBJ2-7
CASSLSPSAGGSPLHF	TRBV27	TRBJ1-6
CASSLSQGALYEQYF	TRBV28	TRBJ2-7
CASSLNRPDRASYEQYF	TRBV28	TRBJ2-7
CASSLLGSSYEQYF	TRBV27	TRBJ2-7
CASSTKGGDTQYF	TRBV2	TRBJ2-3
CASSEYKQGVTYEQYF	TRBV25-1	TRBJ2-7
CASREDGGGYEQYF	TRBV5-1	TRBJ2-7
CASSSPGASTYEQYF	TRBV6-5	TRBJ2-7
CASSRAVSGNTIYF	TRBV9	TRBJ1-3
CASSRRGATTSTDTQYF	TRBV11-3	TRBJ2-3
CASSFDRGGYEQYF	TRBV19	TRBJ2-7
CASSFPGDRMNTGELFF	TRBV7-2	TRBJ2-2
CASRAGTSNTGELFF	TRBV2	TRBJ2-2
CASSQAPPGQGVDIQYF	TRBV4-3	TRBJ2-4
CASSLVAGGPPEQYF	TRBV6-2	TRBJ2-7
CATSEAGDPDTQYF	TRBV24-1	TRBJ2-3
CASSHLLGVLAGGTDTQYF	TRBV11-2	TRBJ2-3
CASSPRQGGTGELFF	TRBV5-1	TRBJ2-2
CASREDGASGSPDTQYF	TRBV2	TRBJ2-3
CASSPTPTDHYNEQFF	TRBV7-6	TRBJ2-1
CASSLEGQLYEQYF	TRBV7-9	TRBJ2-7
CASSLGLPGLAGAYEQYF	TRBV5-6	TRBJ2-7
CAISESATGYQPQHF	TRBV10-3	TRBJ1-5
CSVGGTGTYGYTF	TRBV29-1	TRBJ1-2
CASSIGGWRAEATNEKLFF	TRBV19	TRBJ1-4
CAGNNRDSSTDTQYF	TRBV7-9	TRBJ2-3
CAISEEGIGNQPQHF	TRBV10-3	TRBJ1-5
CASSLPDRAGEKLFF	TRBV7-8	TRBJ1-4
CASSPDRGDTDTQYF	TRBV4-3	TRBJ2-3
CASSLPHNTEAFF	TRBV7-9	TRBJ1-1
CASNFDKGGYEQYF	TRBV2	TRBJ2-7
CASSSETSGLSYEQYF	TRBV6-2	TRBJ2-7
CASSFDRGGYEQYF	TRBV5-1	TRBJ2-7
CASSYPTGQLNYGYTF	TRBV6-2	TRBJ1-2
CASTPVPGQVGSYEQYF	TRBV28	TRBJ2-7
CASRSGTSNTGELFF	TRBV2	TRBJ2-2
CASSLTQGGYTDTQYF	TRBV11-2	TRBJ2-3
CASSLVGQLDEQYF	TRBV7-2	TRBJ2-7
CASSEGEINNQPQHF	TRBV2	TRBJ1-5
CASSFTTMGNQPQHF	TRBV27	TRBJ1-5
CASSLGTSGGFTDTQYF	TRBV5-6	TRBJ2-3
CAITDGASGANEQFF	TRBV10-3	TRBJ2-1
CASSQLNSYGYTF	TRBV4-1	TRBJ1-2
CASTRDTEAFF	TRBV6-6	TRBJ1-1
CASSSSFGRAGVDESYEQYF	TRBV11-1	TRBJ2-7
CASSLEGLAGYEQYF	TRBV7-8	TRBJ2-7
CASRTPTRNTEAFF	TRBV6-1	TRBJ1-1
CAVRLMENYGYTF	TRBV10-3	TRBJ1-2
CASSLWVQHNEQFF	TRBV7-2	TRBJ2-1
CASIEQGGDFTDTQYF	TRBV27	TRBJ2-3
CASSQEAQGVYGANVLTF	TRBV4-2	TRBJ2-6
CATSVPGTDTQYF	TRBV24-1	TRBJ2-3
CASSVEGIDEKLFF	TRBV9	TRBJ1-4
CASDSNTEAFF	TRBV25-1	TRBJ1-1
CASSMGANEQFF	TRBV19	TRBJ2-1
CASSLGRGVGTEQFF	TRBV5-8	TRBJ2-1
CAIRSGTINTGELFF	TRBV10-3	TRBJ2-2
CASSIVGHMNTEAFF	TRBV19	TRBJ1-1
CASSQENGLYGYTF	TRBV4-2	TRBJ1-2
CASSLNWGSGYNEQFF	TRBV5-1	TRBJ2-1
CASSLGRAGYGETQYF	TRBV12-4	TRBJ2-5
CASSPRQGGTGELFF	TRBV5-1	TRBJ2-2
CASSQESGPWGEQFF	TRBV4-2	TRBJ2-1
CASRGQGPVRDTQYF	TRBV6-1	TRBJ2-3
CASSQDLGEETQYF	TRBV3-1	TRBJ2-5
CASIADRGLNTEAFF	TRBV6-5	TRBJ1-1
CASSDGTANNQPQHF	TRBV2	TRBJ1-5
CASRETYEQYF	TRBV2	TRBJ2-7
CASSEATGELYEQYF	TRBV2	TRBJ2-7
CASSPGTSDPANYGYTF	TRBV27	TRBJ1-2
CASSQEVAHWGEQYF	TRBV3-1	TRBJ2-7
CASSLWGQAYEQYF	TRBV12-3	TRBJ2-7
CASSQEPGQVYF	TRBV14	TRBJ1-3
CASSQDRNGYTNTEAFF	TRBV4-2	TRBJ1-1
CSAREPPGLAGPYEQYF	TRBV20-1	TRBJ2-7
CASSRLTVDRSDTGELFF	TRBV4-1	TRBJ2-2
CASSPLGLVVYEQYF	TRBV28	TRBJ2-7
CASSSTDTGANVLTF	TRBV27	TRBJ2-6
CASSELDEKYGYTF	TRBV2	TRBJ1-2
CASSSSLVVEQYF	TRBV4-1	TRBJ2-7
CSASITGTEQYF	TRBV20-1	TRBJ2-7
CASSQEVSGVWGELFF	TRBV4-2	TRBJ2-2
CASSLTQGGYTDTQYF	TRBV11-2	TRBJ2-3
CAISESASGSNEQYF	TRBV10-3	TRBJ2-7
CSATSLGRDNEQFF	TRBV20-1	TRBJ2-1
CASSLDYRGYETQYF	TRBV11-2	TRBJ2-5
CASKAGGGVETQYF	TRBV2	TRBJ2-5
CASSMQTSGSAYNEQFF	TRBV19	TRBJ2-1
CASSIVGHLNTEAFF	TRBV19	TRBJ1-1
CASSLGGNEQFF	TRBV11-1	TRBJ2-1
CASSSGTINTGELFF	TRBV9	TRBJ2-2
CASSFPVTAITGNTEAFF	TRBV11-2	TRBJ1-1
CASSVGRGPADTEAFF	TRBV9	TRBJ1-1
CASSVGGGGNEQFF	TRBV9	TRBJ2-1
CASSLGRAGYGETQYF	TRBV12-4	TRBJ2-5
CASSQSDLTAKQPQHF	TRBV16	TRBJ1-5
CASSFLGVTYGYTF	TRBV13	TRBJ1-2
CASSLTFTDTQYF	TRBV7-3	TRBJ2-3
CASSLPDINTGELFF	TRBV9	TRBJ2-2
CASSGPGGGAFF	TRBV9	TRBJ1-1
CASSLRGRGDQPQHF	TRBV11-2	TRBJ1-5
CAIGDDRAGNQPQHF	TRBV10-3	TRBJ1-5
CASSQVLLQGHSYEQYF	TRBV4-3	TRBJ2-7
CASSLSGTGELFF	TRBV12-3	TRBJ2-2
CASSLRGRGDQPQHF	TRBV11-2	TRBJ1-5
CASSHPNKEHEQYF	TRBV14	TRBJ2-7
CASKNRDVGYNEQFF	TRBV27	TRBJ2-1
CASSLSSYNEQFF	TRBV13	TRBJ2-1
CASSFITSGFPYEQYF	TRBV28	TRBJ2-7
CASSIPGTHNEQFF	TRBV19	TRBJ2-1
CASSLKGQVGEQYF	TRBV7-9	TRBJ2-7
CASSLDLGDRGGYGYTF	TRBV11-2	TRBJ1-2
CASKAGGGVETQYF	TRBV2	TRBJ2-5
CASSPSTANTQPQHF	TRBV7-9	TRBJ1-5
CASSEGTGELYEQYF	TRBV2	TRBJ2-7
CASSHDKITDTQYF	TRBV28	TRBJ2-3
CASSQTETSYEQYF	TRBV27	TRBJ2-7
CSAREWAWEETQYF	TRBV20-1	TRBJ2-5
CASSQGGNEQFF	TRBV7-9	TRBJ2-1
CASSYQSGNTEAFF	TRBV13	TRBJ1-1
CASSQEIGVSGEKLFF	TRBV4-2	TRBJ1-4
CASSQGDTEAFF	TRBV25-1	TRBJ1-1
CASMSRDLNTGELFF	TRBV9	TRBJ2-2
CAILGGGAVRDQPQHF	TRBV9	TRBJ1-5
CASSQGLAGLYNEQFF	TRBV3-1	TRBJ2-1
CASSPASSSFYEQYF	TRBV9	TRBJ2-7
CASSVELAGTYEQYF	TRBV7-8	TRBJ2-7
CASSVGWGGTYEQYF	TRBV9	TRBJ2-7
CASSFRDIGNQPQHF	TRBV28	TRBJ1-5
CASTPDLSSYNEQFF	TRBV19	TRBJ2-1
CASSVGPLEGTDTQYF	TRBV9	TRBJ2-3
CASSFDRGGYEQYF	TRBV5-1	TRBJ2-7
CATSDAPGTGIPYEQYF	TRBV24-1	TRBJ2-7
CASSFLGGLDEQFF	TRBV19	TRBJ2-1
CASSQGGDTEAFF	TRBV14	TRBJ1-1
CASSLLGLAGVGELFF	TRBV28	TRBJ2-2
CASSYGTGDLSYNEQFF	TRBV7-8	TRBJ2-1
CASSLRGRGDQPQHF	TRBV11-2	TRBJ1-5
CASSERRYTGELFF	TRBV2	TRBJ2-2
CASRAGGGVETQYF	TRBV2	TRBJ2-5
CASRVGQNYNSPLHF	TRBV2	TRBJ1-6
CASSLGEKLFF	TRBV7-9	TRBJ1-4
CASSIVGHLNTEAFF	TRBV19	TRBJ1-1
CASSQDSGILYEQYF	TRBV3-1	TRBJ2-7
CASSIVGHMNTEAFF	TRBV19	TRBJ1-1
CASSQDRTSGRTRELFF	TRBV4-3	TRBJ2-2
CASSIDKLNTEAFF	TRBV6-1	TRBJ1-1
CASSEGTTNTGELFF	TRBV2	TRBJ2-2
CASSTGGGTEAFF	TRBV5-6	TRBJ1-1
CAISDGTVNNQPQHF	TRBV10-3	TRBJ1-5
CASSLASLGLALSSYEQYF	TRBV7-8	TRBJ2-7
CATSEPAGLAGGNNEQFF	TRBV24-1	TRBJ2-1
CASSLQEWDPNYGYTF	TRBV19	TRBJ1-2
CASSQGDSGDNTGELFF	TRBV4-1	TRBJ2-2
CASSPSGQLETQYF	TRBV11-2	TRBJ2-5
CASSGGLINTGELFF	TRBV9	TRBJ2-2
CSVGSRESSYNEQFF	TRBV29-1	TRBJ2-1
CASSLVGSGDTQYF	TRBV7-3	TRBJ2-3
CASSQGQTNEKLFF	TRBV2	TRBJ1-4
CASSLGRAGYGETQYF	TRBV12-3	TRBJ2-5
CASSEDPRELSYEQYF	TRBV6-1	TRBJ2-7
CASSWDPTYNEQFF	TRBV6-2	TRBJ2-1
CASSQDPLAGGGGEQFF	TRBV4-3	TRBJ2-1
CASSLAGPGLGLEQYF	TRBV12-4	TRBJ2-7
CASSDSTSDWETQYF	TRBV6-4	TRBJ2-5
CASIRLAGEHNEQFF	TRBV6-5	TRBJ2-1
CAISESSAGFNEQFF	TRBV10-3	TRBJ2-1
CASSLVDNYGYTF	TRBV7-9	TRBJ1-2
CATSIEGNTGELFF	TRBV15	TRBJ2-2
CASSPSGQLDSQHF	TRBV7-2	TRBJ1-5
CASSDSGQIYEQYF	TRBV6-1	TRBJ2-7
CAISESAVGYNEQFF	TRBV10-3	TRBJ2-1
CASSQVRLNTEAFF	TRBV5-1	TRBJ1-1
CASSSRQGGTGELFF	TRBV5-1	TRBJ2-2
CASNRENEKLFF	TRBV18	TRBJ1-4
CASSQSSMQDPYGYTF	TRBV4-3	TRBJ1-2
CASSIAGPPYNEQFF	TRBV12-3	TRBJ2-1
CASSQDRNYGYTF	TRBV2	TRBJ1-2
CASSHSRGSGNTIYF	TRBV4-1	TRBJ1-3
CAWSVAGTNTEAFF	TRBV30	TRBJ1-1
CASSLEASGSWGELFF	TRBV11-2	TRBJ2-2
CASSLSGQLETQYF	TRBV7-2	TRBJ2-5
CASTLTGGNQPQHF	TRBV6-2	TRBJ1-5
CASSQGQTNEKLFF	TRBV2	TRBJ1-4
CASSLEQGAVDGNTIYF	TRBV5-4	TRBJ1-3
CASSYPGQQETQYF	TRBV12-3	TRBJ2-5
CASSLEGGDEQFF	TRBV13	TRBJ2-1
CASSFDFQGSYEQYF	TRBV4-1	TRBJ2-7
CASPANEQFF	TRBV6-1	TRBJ2-1
CASSPEQGPLEAFF	TRBV4-2	TRBJ1-1
CASSYLGQGSFNEQFF	TRBV6-2	TRBJ2-1
CASSIAGPPYNEQFF	TRBV12-3	TRBJ2-1
CASGWPGGLNSNQPQHF	TRBV19	TRBJ1-5
CASSQDRVGIQPQHF	TRBV4-1	TRBJ1-5
CASEAGTVNTNTQYF	TRBV9	TRBJ2-3
CASSPLTGESMSEKLFF	TRBV11-3	TRBJ1-4
CATSFTGTAYEQYF	TRBV15	TRBJ2-7
CASSHSAGVFMNTEAFF	TRBV3-1	TRBJ1-1
CASSRSDREMFNYGYTF	TRBV14	TRBJ1-2
CASSPLAGHLNEKLFF	TRBV27	TRBJ1-4
CASSIVGHLNTEAFF	TRBV19	TRBJ1-1
CASSLAVSSEQFF	TRBV11-2	TRBJ2-1
CASSLEGGDEQFF	TRBV13	TRBJ2-1
CASSDLGQGRMNTEAFF	TRBV6-1	TRBJ1-1
CASSQTGADQETQYF	TRBV4-2	TRBJ2-5
CASSLVGQLYEQYF	TRBV11-2	TRBJ2-7
CASSLVTGNQPQHF	TRBV7-9	TRBJ1-5
CASSKQTGTGETKNIQYF	TRBV19	TRBJ2-4
CASSFDSQLYEQYF	TRBV7-9	TRBJ2-7
CASSIVGHLNTEAFF	TRBV19	TRBJ1-1
CASSYRGSGNTIYF	TRBV28	TRBJ1-3
CASSHTTGADEQYF	TRBV4-1	TRBJ2-7
CASSLSSGGGYTF	TRBV7-8	TRBJ1-2
CASQGGEIGNNEQFF	TRBV27	TRBJ2-1
CASSTEVAADGELFF	TRBV7-6	TRBJ2-2
CASSPRDREHNGYTF	TRBV14	TRBJ1-2
CASKAGGGVETQYF	TRBV2	TRBJ2-5
CASSQDPLAGGGGELFF	TRBV4-3	TRBJ2-2
CASSPTGRGQPQHF	TRBV3-1	TRBJ1-5
CASSEGNGGINIQYF	TRBV2	TRBJ2-4
CASSEVTAGDGYTF	TRBV2	TRBJ1-2
CASSSGTVNTGELFF	TRBV9	TRBJ2-2
CASSEVVTAFSYEQYF	TRBV6-1	TRBJ2-7
CSARPRESSNQPQHF	TRBV20-1	TRBJ1-5
CASSLPHNTEAFF	TRBV7-9	TRBJ1-1
CASREDGGGYEQYF	TRBV5-1	TRBJ2-7
CASSPGQVGDQPQHF	TRBV6-6	TRBJ1-5
CASSIKGGDNEQFF	TRBV7-3	TRBJ2-1
CASKAGGGVETQYF	TRBV2	TRBJ2-5
CASSLVQNSYEQYF	TRBV5-1	TRBJ2-7
CASSSPHRDSYSPLHF	TRBV18	TRBJ1-6
CASSTPPGVNSNQPQHF	TRBV19	TRBJ1-5
CSVSPGLRQETQYF	TRBV29-1	TRBJ2-5
CASSLAAGPYSNQPQHF	TRBV7-8	TRBJ1-5
CAISESTVGNQPQHF	TRBV10-3	TRBJ1-5
CAISGGSGDNEQFF	TRBV10-3	TRBJ2-1
CASGYAGANVLTF	TRBV12-5	TRBJ2-6
CASSLLIGGALKETQYF	TRBV28	TRBJ2-5
CASSPGTSDPANYGYTF	TRBV27	TRBJ1-2
CASINPSGDLYNEQFF	TRBV2	TRBJ2-1
CATSDSTAGNQPQHF	TRBV24-1	TRBJ1-5
CASSLPTGGVSYEQYF	TRBV6-2	TRBJ2-7
CASSLEWLDSPFLRTEAFF	TRBV12-3	TRBJ1-1
CASSLNLGAGNNEQFF	TRBV7-9	TRBJ2-1
CASSPRGRGEDGYTF	TRBV3-1	TRBJ1-2
CASTGGLGYTF	TRBV25-1	TRBJ1-2
CASSQEPGQVYF	TRBV14	TRBJ1-3
